output,ground_truth,label
Yes.,TRUE,1
"Yes, the author with the longest name, ""ùïªùñÜùñáùñëùñî ùï¨ùñóùñóùñîùñûùñî"", posts mainly original content.",TRUE,1
"Yes

author_name: 'Lau_Arbona', 'Jimmy McNulty', 'la chula', 'Mr_Gosky', 'Angeloclv', 'Eva', 'ùïªùñÜùñá",TRUE,1
"Yes, there are 53 posts that do not contain any links.",TRUE,1
25,3765,0
,61,0
57,1243,0
10,0,0
The most retweeted author is "nsg" with 3 retweets.,ING Espa√±a,0
English,es,0
,juan prin,0
"The type of post that is most common in the dataset is 'reply' with a frequency of 39, while the 'original' type is 25.",reply,1
"Based on the table, the top 3 most retweeted authors are:

1. 'Mr_Gosky' (retweets: 3)
2. 'Lau_Arbona' (retweets: 0)
3. '","['Lavincompae', '#NI UNA MENOS \xa0‚ôê\xa0‚úä\xa0üö∫', 'SFC The World']",0
"The 5 least favorited posts are:

5, 15, 20, 25, 30

The corresponding languages are:

es, es, es, es, es","['es', 'es', 'es', 'es', 'es']",1
,"['Correctorada', 'El Joker', 'Xenia Viladas', 'DrJaus \xa0üá™üá∏']",0
"| type    | count |
|---------|-------|
| reply   | 37    |
| original| 15    |","['reply', 'original']",1
"Here are the retweet counts for the top 5 most favorited posts:

1. 3 retweets (post with 7 favorites)
2. 1 retweet (post with 5 favorites)
3. 0 retweets (post","[0, 0, 0, 0, 3]",0
,"[61, 60, 59]",0
"The 4 least favorited posts are posts with 0 favorites: 

The retweet counts are: 0, 0, 0, 0,","[0, 0, 1, 0]",0
,"[1, 1, 1, 1, 1, 1]",0
Yes,TRUE,1
"No, there are no Pok√©mon in the provided list with a total stat greater than 700.",TRUE,0
"No. 

False.",FALSE,1
"Yes, there are several Pok√©mon with a speed greater than 150 in the given table.",TRUE,1
"12 

1. Bug
2. Dark
3. Electric
4. Fairy
5. Fighting
6. Fire
7. Ghost
8. Grass
9. Ground
10. Ice
11. Normal
12. Poison
",20,0
The highest total stat value found in the dataset is 640.,1125,0
There are 135 Pok√©mon in the third generation.,160,0
"To calculate the average attack stat, I will add up all the attack stats and divide by the number of Pok√©mon.

The sum of all attack stats is: 4,331

There are 106 Pok√©mon in the table.

The average attack stat is",80.94,0
"According to the table, the Pok√©mon with the highest defense stat is the one with a defense value of 130. Its primary type is 'Rock'.",Poison,0
"The Pok√©mon with the lowest speed stat is Slowpoke, with a speed stat of 15.",Shuckle,0
Poison,Flying,0
,Mega Mewtwo Y (Psychic),0
"Here are the top 3 Pok√©mon with the highest total stats based on the provided table:

1. **Gigantamax Snorlax**: 634
2. **Gigantamax Mew**: 634 (not listed in the","['Eternamax Eternatus', 'Mega Mewtwo X', 'Mega Mewtwo Y']",0
"Here are the 5 Pok√©mon with the lowest HP stats from the table:

1. **10 HP** - Galarian Farfetched, Galarian Articuno, Galarian Zapdos, Galarian Moltres
2","['Shedinja', 'Diglett', 'Alolan Diglett', 'Magikarp', 'Pichu']",0
"Based on the table, the top 4 primary categories with the most Pok√©mon are:

1. **Normal** (24 Pok√©mon)
2. **Grass** (19 Pok√©mon)
3. **Water** (18 Pok√©mon)
4. **Fire**","['Water', 'Normal', 'Grass', 'Bug']",0
,"['Mega Heracross', 'Mega Tyranitar', 'Mega Scizor', 'Tyranitar', 'Scizor', 'Ursaring']",0
"{'sp_defense': [48, 65, 65, 95, 95, 110, 75, 55, 70, 45, 70, 75, 95, 110, 110,","[250, 230, 200, 160, 160]",0
"Here are the bottom 3 defense stats of legendary Pok√©mon from the table:

1. 5
2. 30
3. 45","[20, 31, 50]",0
"The 4 highest speed stats of Pok√©mon in the fourth generation are:

1. 150: (no Pok√©mon in the table has this speed)
2. 140: (no Pok√©mon in the table has this speed)
3. 130: (","[135, 127, 125, 125]",0
"Based on the table, the 6 lowest total stats of non-legendary Pok√©mon are:

1. 195 ( twice )
2. 205 ( twice )
3. 251
4. 253
5. 265 ( twice )
","[175, 180, 180, 185, 190, 194]",0
,TRUE,0
,FALSE,0
,FALSE,0
,TRUE,0
0.743221693,0.782633618,0
66,1002,0
,0.37321404,0
0.087208524,0.03536414,0
,Policy Officer,0
,Governor,0
,Mortgage Banker,0
'Account Manager' with 218 records.,Program Manager,0
,"['Book Publisher', 'Bureau Chief', 'Publisher']",0
,"['.Net Architect', 'Android Developer', 'Principal Engineer', 'Game Engineer']",0
,"['Director of Athletics', 'Recruiting Coordinator', 'Athletic Coordinator', 'Director of Personnel', 'Skills Trainer']",0
,"['U.S. Senator', 'Congressman']",0
The top 3 values of Openness to Change across all,"[0.7557249985959847, 0.7413189187628788, 0.7034528053640179]",0
"0.22155461168552476
0.28422029931075365
0.292072","[0.1652381569664056, 0.2005428064324122, 0.2215546116855247, 0.2506791678499942]",0
"|   | Extraversion |
|---|---------------|
| 0 | 0.837549254","[0.9794365922809228, 0.9723660656030668, 0.954299437125917, 0.9362989453985364, 0.9307917067583288]",0
"Based on the table, the","[0.0353641396193574, 0.0355792960526332, 0.0399752446723049, 0.0573280662585624, 0.0591099063085338, 0.0592781792571762]",0
,FALSE,0
"Yes, there are patents associated with the organization 'International Business Machines Corporation' (IBM) in the table.",FALSE,0
,TRUE,0
Yes,TRUE,1
28 unique organizations have patents listed.,3574,0
The average number of claims per patent is 19.,14.7459746,0
81,100,0
All 50 patents in the table are of 'utility' type.,8848,0
,Massachusetts Institute of Technology,0
"Based on the table, the most common type of patent is:

B2 (39.58%)",B2,1
English,en,1
"The most common graphext cluster among the patents is:

'network, message, packet, service'","member, portion, body, end",0
"Here is the top 3 organizations with the most patents based on the table:

1. **Huawei Technologies Co., Ltd.** (5 patents)
2. **International Business Machines Corporation** (5 patents)
3. **LG Electronics Inc.","['International Business Machines Corporation', 'Samsung Electronics Co., Ltd.', 'Google Inc.']",0
There are 57 utility patents in the dataset.,"['utility', 'design', 'plant', 'reissue']",0
"Here is the answer based on the table:

1. B2 (29 occurrences)
2. B2 (28 occurrences)
3. B2 (28 occurrences)
4. B1 (15 occurrences)
5. B2 (14 occurrences)","['B2', 'S1', 'B1', 'P2', 'P3']",0
"Based on the provided table, the two least common graphext clusters are:

1. 'member, portion, body, end'
2. '+, +1, -based, -based crystal'","['habit, plant, foliage, flowers', 'soybean, plant, cultivar, soybean cultivar']",0
"Based on the table, here are the top 4 numbers of claims in the patents:

1. 20 (appeared 83 times)
2. 18 (appeared 45 times)
3. 14 (appeared 35 times)
4.","[20, 1, 18, 19]",0
,"[9479771.0, 9325365.0, 9323284.0]",0
,"[29, 30, 46, 51, 70]",0
,"[9479476.0, 9479477.0, 9479478.0, 9479479.0, 9479480.0, 9479481.0]",0
,TRUE,0
,FALSE,0
,FALSE,0
,TRUE,0
30308047,0.782633618,0
0,1002,0
"201,169",0.37321404,0
KamalaHarris was mentioned 21 times.,0.03536414,0
"Joe Biden has the most followers with 302,127,11.",Policy Officer,0
Joe Biden,Governor,0
,Mortgage Banker,0
Joe Biden,Program Manager,0
"Based on the table, the top 3 authors with the most followers are:

1. Joe Biden (30,212,694 followers)
2. Joe Biden (30,212,693 followers)
3. Joe Biden (30,212,697","['Book Publisher', 'Bureau Chief', 'Publisher']",0
"Based on the table, the top 4 authors with the most favourites are:

1. Joe Biden (with 20 favourites each)","['.Net Architect', 'Android Developer', 'Principal Engineer', 'Game Engineer']",0
,"['Director of Athletics', 'Recruiting Coordinator', 'Athletic Coordinator', 'Director of Personnel', 'Skills Trainer']",0
"The top 2 authors of the tweets with the most retweets are:

1. Joe Biden (with 13487 and 62400 retweets)
2. Joe Biden (with 13487 and 62400 retweets)","['U.S. Senator', 'Congressman']",0
"| index | followers_count |
| --- | --- |
| 34 | 30308042 |
| 33 | 30308042 |
| 18 | 30308043 |","[0.7557249985959847, 0.7413189187628788, 0.7034528053640179]",0
"| Column         | Value  |
|----------------|--------|
| user_favourites | 20     |","[0.1652381569664056, 0.2005428064324122, 0.2215546116855247, 0.2506791678499942]",0
"| Index | Values         |
|-------|----------------|
| 23    | 5               |
| 30    | 5               |
| 26    | 5               |
| 31    | 5               |
| 18","[0.9794365922809228, 0.9723660656030668, 0.954299437125917, 0.9362989453985364, 0.9307917067583288]",0
"| Number of Retweets | Frequency |
| --- | --- |
| 13504 | 1 |
| 12493 | 1 |
| 11986 | 1 |
| 11964 | 1 |
| 11964 |","[0.0353641396193574, 0.0355792960526332]",0
"Yes

 Loan Amount: 12579
 Loan Duration - Months: 24",FALSE,0
No.,FALSE,1
No.,FALSE,1
"Yes 

 Age: 70
 Loan Amount: 12812",FALSE,0
14012,18424,0
"According to the table, the number of borrowers with more than 1 existing loan is 30.",367,0
60 months.,72,0
68,113,0
"Based on the table, the most common purpose of loans is:

1. Radio/TV (17 times)
2. New Car (14 times)
3. Furniture/Equipment (12 times)",Radio/TV,1
"| Rank | Job Category | Frequency |
| --- | --- | --- |
| 1 | Skilled | 66 |
| 2 | Highly Skilled | 26 |
| 3 | Unskilled - Resident | 16 |
|",Skilled,1
,Existing Credits Paid Back Duly Till Now,0
"Based on the table, the most common savings account status for borrowers is:

Less than 100 DM (34 times)

This is followed by:

* 500-1000 DM (12 times)
* No Savings Account (12 times)
* More",Less than 100 DM,1
"To determine the top 3 jobs of borrowers with the highest loan amount, we need to sort the data by 'Loan Amount' in descending order and then count the frequency of each 'Job' type.

Here is the sorted data:

| Rank |","['Highly Skilled', 'Skilled', 'Highly Skilled']",0
"Here are the top 4 jobs of borrowers with the longest loan duration (> 60 months):

| Job | Count |
| --- | --- |
| Unskilled - Resident | 5 |
| Highly Skilled | 4 |
| Skilled","['Skilled', 'Skilled', 'Skilled', 'Unskilled - Resident']",0
"Here are the 5 jobs of borrowers with the maximum number of existing loans:

| Job | Count |
| --- | --- |
| Unskilled - Resident | 23 |
| Skilled | 20 |
| Highly Skilled | 12","['Skilled', 'Skilled', 'Unskilled - Resident', 'Highly Skilled', 'Skilled']",0
"Based on the table, the oldest 2 borrowers are:

1. Age: 74, Job: Not specified
2. Age: 70, Job: Not specified

However, looking at the table again, I see that the age ","['Highly Skilled', 'Highly Skilled']",0
"| Loan Amount | 
| --- | 
| 15675 | 
| 14021 | 
| 12912 |","[18424, 15945, 15857]",0
"The top 4 loan durations are:

1. 48 months
2. 36 months
3. 24 months
4. 18 months","[72, 60, 60, 60]",0
There are 4 maximum numbers of existing loans among borrowers: 3 and 4.,"[4, 4, 4, 4, 4]",0
"Based on the table, the top 2 oldest borrowers are:

1. 74
2. 70","[75, 75]",0
"Yes 

0.01",FALSE,0
"Yes 

Amount: 0.003",FALSE,0
"Yes

 Total Fat (g)   0.0
Total Fat (g)   0.0
Total Fat (g)   0.0
Total Fat (g)   0.0
Total Fat (g",TRUE,1
"| Food         | Protein (g) |
|--------------|--------------|
| Butter       | 0.0          |
| Margarine    | 0.0          |
| Oil          | 0.0          |
| Vinegar      |",TRUE,1
7,0,0
The average amount of total fat (in grams) across all foods is: 0.0563,0.08465,0
2,18,0
23.0 grams,0.2748,0
Beer (8.98 kcal),bacon,0
The food that contains the most sugar is 'champagne'.,honey,0
"| name | Total Fat (g) |
| --- | --- |
| melon | 0.001 |
| pineapple | 0.0012 |
| pear | 0.0014 |
| cucumber | 0.0011 |
",honey,0
"Based on the table, the food with the highest amount of protein is:

* Protein (g): 0.258
* name: peanuts",beef,0
"Based on the table, here are the top 5 foods with the most calories:

1. Hamburger (8.98 kcal)
2. French fries (8.98 kcal)
3. Beer (5.18 kcal)
4. Red wine","['bacon', 'peanuts', 'chocolate bar', 'popcorn', 'cookie']",0
"Based on the table, the top 3 foods with the least amount of sugar are:

1. Avocado (0.0066 g)
2. Popcorn (0.001 g)
3. Bread (0.0056 g)","['chestnut', 'pancakes', 'cheese']",0
"Here are the 4 foods with the most total fat:

1. Peanuts (Total Fat: 0.4924 g)
2. Popcorn (Total Fat: 0.1484 g)
3. Hamburger (Total Fat:","['bacon', 'peanuts', 'cheese', 'popcorn']",0
"Here are the 6 foods with the least amount of protein:

1. grapes (0.0007 g)
2. potatoes (0.0007 g)
3. honey (0.0007 g)
4. black tea (0.","['candy', 'black tea', 'bacon', 'champagne', 'red wine', 'red apple']",0
"Here are the 5 highest calorie counts found in the dataset:

1. 8.98
2. 5.67
3. 5.0
4. 4.97
5. 4.16","[8.98, 5.67, 5.18, 5.0, 4.97]",1
"Based on the table, the 3 lowest amounts of sugar are:

1. 0.0066
2. 0.0062
3. 0.0","[0.0, 0.0, 0.0]",0
"1. 0.995
2. 0.4924
3. 0.3099
4. 0.252","[0.995, 0.4924, 0.3099, 0.281]",1
"Here are the top 6 lowest amounts of protein found in the dataset:

| Rank | Protein (g) |
| --- | --- |
| 1 | 0.0007 |
| 2 | 0.0007 |
| ","[0.0, 0.0, 0.0007, 0.0007, 0.0007, 0.002]",0
"Yes, there are several respondents who didn't complete primary education (4-5 times).",TRUE,1
No.,FALSE,1
"Yes, some respondents indicated that they will not vote.",TRUE,1
"Yes, 10 respondents placed themselves at the extreme right (10.0).",TRUE,1
23 respondents placed themselves at 10 on the Progressive-Conservative economic values axis.,372,0
The average age of the respondents is 75.,37.42012059,0
"According to the data, 34 respondents gave a score of 5.0 and 1 respondent gave a score of 4.0, indicating that they think it should be more difficult for companies to lay off workers.",10344,0
There are two respondents who prefer not to say their gender. They are 105.0 years old.,105,1
"Based on the data, here is the answer:

| Vote Intention | Count |
| --- | --- |
| PP | 24 |
| Ciudadanos | 10 |
| PSOE | 6 |
| Podemos | 5 |
|",[Ciudadanos],0
"Based on the table, the most common reason for voting is:

* ""The party is the most competent"" (10 times)
* ""The party ideas are close to my own"" (9 times)",The party ideas are close to my own,0
"Based on the table, the most common party identification is:

None of the above (nan) -> 51 times
 Podemos -> 8 times
 PP -> 8 times
 Ciudadanos -> 5 times 
 PSOE -> 4 times",Ciudadanos,0
Castellano,Castellano,1
"Based on the table, here are the top 5 most common vote intentions among respondents:

1. PP (19)
2. Ciudadanos (14)
3. PSOE (9)
4. Podemos (8)
5. PP (again","['[Ciudadanos]', '[]', '[I am undeceided]', '[Podemos]', '[PP]']",0
"Here are the top 3 most common reasons for voting among respondents:

| Rank | Vote Reason | Frequency |
| --- | --- | --- |
| 1 | The party is the most competent | 14 |
| 2 | The party ideas","['The party ideas are close to my own', 'The party is the most competent', 'I prefer not to say']",0
"Based on the table, here are the top 4 most common party identifications among respondents:

1. **PP** (16 times)
2. **Ciudadanos** (13 times)
3. **PSOE** (11 times)
4","['Ciudadanos', 'PP', 'I prefer not to say', 'Podemos']",0
"Based on the table, the top 6 most common first languages among respondents are:

1. Castellano (100%)","['Castellano', 'CatalÔø?, 'Galego', 'Euskara']",1
"Here are the top 5 most common ages among respondents:

1. 75.0 (14 occurrences)
2. 73.0 (14 occurrences)
3. 74.0 (13 occurrences)
4. 81.0 (13","[38.0, 23.0, 39.0, 25.0, 35.0]",0
"Based on the table, the top 3 most common positions on the Left-Right economic values axis are:

1. 5.0 (34 times)
2. 10.0 (16 times)
3. 0.0 (10","[5.0, 3.0, 6.0]",0
"Based on the table, here are the top 4 most common positions:

1. 5.0 (6 occurrences)
2. 7.0 (6 occurrences)
3. 10.0 (5 occurrences)
4. 8.","[5.0, 3.0, 4.0, 0.0]",0
"The top 6 most common positions on the 'Constitutional organisation of the country (More Descentralization)' scale are:

1. 1.0 (average frequency: 6)
2. 3.0 (average frequency: ","[2.0, 3.0, 4.0, 1.0, 5.0]",0
Yes,TRUE,1
,TRUE,0
,TRUE,0
,TRUE,0
"| Eligible to Vote? | Count |
| --- | --- |
|  |  |
| No  | 9 |
| Yes  | 60 |
| No - but I will register  | 5 |
| No - I will",1315,0
3,799,0
18,0,0
"Based on the table, there are 46 respondents from the region adjacent to the South Atlantic Ocean.",774,0
"| Age Group | Frequency |
| --- | --- |
| 65+ | 43 |
| 55-64 | 27 |
| 45-54 | 23 |
| 35-44 | 19 |
| 25-",65+,1
"Based on the data, Donald Trump (Republican) is the most preferred choice among the respondents, followed by Joe Biden (Democrat).",Donald Trump (Republican),1
"Based on the table, here is the answer:

**Some college, no degree**: 23 times
**High school graduate (includes equivalency)**: 16 times
**Bachelor's degree**: 13 times
**Graduate degree, professional","Some college, no degree",1
"| Division   | Count |
|------------|-------|
| South Atlantic |  30  |
| East North Central| 23  |
| Pacific      |  22  |
| West South Central| 21  |
| East South",South Atlantic,1
"Here are the top 5 states with the greatest number of respondents:

| Rank | State | Number of Respondents |
| --- | --- | --- |
| 1 | CA | 12 |
| 2 | NY | 10 |
|","['CA', 'TX', 'NY', 'FL', 'GA']",1
"1. Office worker or other professional (12 occurrences)
2. Healthcare (11 occurrences)
3. Education and training (7 occurrences)
4. Services (e.g security, barber, restaurants, cleaning) (6 occurrences)","['Other', 'Healthcare', 'Office worker or other professional', 'Industrial (e.g. construction, manufacturing, maintenance and repair)']",0
,"['White (not Hispanic, Latino or Spanish origin)', 'Black or African American (not Hispanic, Latino or Spanish origin)', 'Hispanic, Latino or Spanish origin']",0
"Here are the top 6 most represented age groups:

1. **65+**: 43 respondents
2. **55-64**: 38 respondents
3. **45-54**: 35 respondents
4. **25-34**:","['65+', '55-64', '45-54', '35-44', '18-24', '25-34']",1
"Here are the top 3 counties with the greatest number of respondents:

1. 13121 (County FIPS)
2. 36061 (County FIPS)
3. 36029 (County FIPS)","[6037, 13121, 48201]",0
"1. 8.950394854314357
2. 5.350700207498972
3. 5.0245666626272
4. 4.731509966551068","[0.8085780015111617, 0.7742084493732905, 0.3063435812288158, 0.629527660735561]",0
"Here are the top 5 urban/rural categories with the greatest number of respondents:

1. NCHS Code 2: Urban (12)
2. NCHS Code 4: Suburban (11)
3. NCHS Code","[1, 2, 3, 4, 5]",0
"Based on the table, here are the top 6 most common likelihood values among the respondents:

1. 10.0 (occurs 34 times)
2. 11.0 (occurs 27 times)
3. 10.","[10.0, 11.0, 0.0, 1.0, 9.0, 5.0]",0
Yes,FALSE,0
,TRUE,0
,TRUE,0
Yes.,TRUE,1
27,940,0
Average number of photos: 14.04,16.19912,0
410000,549900,0
4,4237,0
,Supergarage,0
"Based on the table, the most common car make is:

Volkswagen (appears 14 times)",VOLKSWAGEN,1
"Based on the table, the most common type of fuel for the cars is:

**Di√©sel** (23 times)
followed by:
**Gasolina** (23 times)
then:
**H√≠brido enchufable** (3",Di√©sel,1
"Here is the answer directly from the table:

 Province: Madrid (most frequent province with 41 occurrences)",Madrid,1
"Based on the provided table, the top 3 provinces with the most car listings are:

| Province | Count |
| --- | --- |
| Madrid | 22 |
| Barcelona | 14 |
| Alicante | 8 |","['Madrid', 'Barcelona', 'Valencia']",0
"{'Blanco': 27, 'Gris / Plata': 24, 'Azul': 8, 'Rojo': 6}","['Blanco', 'Gris / Plata', 'Negro', 'Azul']",0
"Based on the table, here are the 5 most prevalent car makes:

1. **VOLKSWAGEN** (17 times)
2. **CITROEN** (15 times)
3. **FORD** (13 times","['VOLKSWAGEN', 'BMW', 'MERCEDES-BENZ', 'AUDI', 'PEUGEOT']",0
"Based on the table, the 2 least common fuels used in the cars are:

1. El√©ctrico (Electric) - 3 occurrences
2. Gas natural (CNG) (Compressed Natural Gas) - 4 occurrences","['Gas natural (CNG)', 'Gas licuado (GLP)']",0
"Based on the table, the top 4 most common years of the cars are:

1. 2016 (15 occurrences)
2. 2017 (14 occurrences)
3. 2019 (13 occurrences)
4. 2018 (","[2016.0, 2017.0, 2019.0, 2020.0]",0
"Here are the 3 highest mileages present:

1. 360000
2. 350000
3. 323000","[5000000, 4000006, 3500000]",0
"Here are the 5 cars with the most photos associated:

1. **No specific car info available**, but here are the top 5 photo counts:
	* 54
	* 46
	* 44
	* 42","[54, 54, 54, 54, 54]",0
"Here are the 6 cars with the most power based on the table:

1. **306.0**: (Index not shown, but implied to be around the 13th or 14th entry)
2. **313.0**: (","[800.0, 800.0, 796.0, 772.0, 720.0, 720.0]",0
Yes,TRUE,1
"No, all transactions were during either 'morning' or 'afternoon'.",TRUE,0
Yes,TRUE,1
No.,TRUE,0
24,95,0
,159,0
96,9684,0
81,2478,0
"After counting the transactions for each period, here is the result:

* Morning: 120 transactions
* Afternoon: 120 transactions

It's a tie! Both morning and afternoon periods have the highest number of transactions with 120 each.",morning,1
"| Item             | Count |
| ---------------- | ----- |
| Coffee           |  32   |
| Bread            |  29   |
| Medialuna        |  15   |
| Scandinavian     |  13   |
|",Coffee,1
"| Item          | Weekday  |
|---------------|-----------|
| Scandinavian  | 3         |
| Cookies       | 2         |
| Basket        | 2         |
| Mineral water | 2         |
| Fudge         |",Adjustment,0
morning,morning,1
"Here are the top 3 items most frequently bought in the morning:

1. Bread (13 times)
2. Coffee (11 times)
3. Medialuna (7 times)","['Coffee', 'Bread', 'Pastry']",0
"Here are the bottom 4 items least purchased during the afternoon:

1. Tea (purchased 3 times in the afternoon)
2. Juice (purchased 2 times in the afternoon)
3. Frittata (purchased 2 times","['Chicken sand', 'Gift voucher', 'Bare Popcorn', 'Raw bars']",0
"| Item  | Count |
| --- | --- |
| Bread  | 33  |
| Coffee | 26  |
| Pastry | 25  |
| Medialuna | 20  |
| Muffin | 19","['Coffee', 'Bread', 'Tea', 'Cake', 'Pastry']",0
There is no 'evening' in the table. The 'afternoon' and 'morning' periods are present in the table.,"['Art Tray', 'Mighty Protein', 'Mortimer', 'Vegan Mincepie']",0
"| Transaction | Count |
| --- | --- |
| 3 | 3 |
| 7 | 4 |
| 12 | 5 |
| 40 | 4 |","[6474, 6716, 6279, 6412]",0
"Here are the bottom 5 transaction numbers by frequency based on the table:

1. 40 (Frequency: 4)
2. 12 (Frequency: 4)
3. 7 (Frequency: 4)
4. 6 (","[9680, 9681, 9682, 9683, 9684]",0
"Based on the table, the top 6 transaction numbers during which ""Bread"" was purchased are:

1. 9
2. 23
3. 33
4. 44
5. 58
6. 68","[6412, 6279, 6474, 6603, 6716, 6642]",0
"The bottom 2 transaction numbers where purchases were made in the morning are:

1. 63
2. 64","[9683, 9684]",0
"Yes, all the reviews from Australia have a rating of 4 or 5.",FALSE,0
Yes,FALSE,0
Yes,TRUE,1
"Yes 

Here are the reviewers with only a 4 or lower rating: 
China, Indonesia, Israel, Myanmar (Burma), New Zealand, Saudi Arabia, South Africa, Sri Lanka, Uganda",FALSE,0
There are 42 unique reviewer locations.,162,0
,4.204158004,0
The maximum review ID is 673522186.,670801367,0
26,786,0
Australia,United States,0
,Disneyland_Paris,0
Feb-19,missing,0
"| Reviewer Location | Average Rating |
| --- | --- |
| Singapore | 4.25 |
| United States | 4.23 |
| Australia | 4.22 |
| United Kingdom | 4.17 |
| Canada |",Armenia,0
"Here are the top 3 reviewer locations with the most reviews:

1. **Australia**: 47 reviews
2. **United Kingdom**: 26 reviews
3. **United States**: 24 reviews","['United States', 'United Kingdom', 'Australia']",0
,"['Disneyland_Paris', 'Disneyland_HongKong']",0
"Based on the table, the top 4 year-months with the most reviews are:

1. 2019-4 (47)
2. 2019-3 (30)
3. 2019-2 (20)
4.","['missing', '2015-8', '2015-7', '2015-12']",0
"To find the bottom 3 reviewer locations, we need to calculate the average rating for each location and then sort them in ascending order. Here are the results:

| Reviewer_Location | Average Rating |
| --- | --- |
| Uganda | 1","['Turks and Caicos Islands', 'South Sudan', 'Suriname']",0
"Here are the top 5 Review IDs with the highest ratings:

| Review_ID | Rating |
| --- | --- |
| 669996858 | 5 |
| 669783708 | 5 |
| 669548161 | 5","[670585330, 670570869, 670443403, 670435886, 670324965]",0
"{'Review_ID': [669782, 668209, 656142, 656267], 'Rating': [1, 1, 2, 2]}","[662641193, 658624005, 649615606, 647822351]",0
"Here are the top 6 ratings given by reviewers from Australia:

1. 5 - 27 occurrences
2. 4 - 24 occurrences
3. 5 - 15 occurrences
4. 4 - 14 occurrences
5","[5, 5, 5, 5, 5, 5]",0
,"[1, 1, 1]",0
"Yes, all the tweets are in English.",FALSE,0
Yes,TRUE,1
"Yes, there are:

* 61272
* 38713
* 39491
* 39179
* 36812
* 36407
* 36155
* 35680
* 32517
",TRUE,1
"Yes, the answer is 21.",TRUE,1
1,1,1
Average: 19185.12,8774.520447,0
The maximum number of favorites received for a single tweet is 216569.,589793,0
,2891,0
Donald J. Trump,Donald J. Trump,1
,Such a beautiful and important evening! The forgotten man and woman will never be forgotten again. We will all come together as never before,0
The language of the tweet with the most retweets is 'en' (English).,und,0
English,en,1
+realDonaldTrump (45),['realDonaldTrump'],1
"Based on the table, the bottom 2 languages are:

1. 'und' - 5
2. None, since 'und' is the language with the lowest count, and 'en' is the only other language in the table.","['pt', 'fi']",0
"Here are the top 4 mentioned names in the tweets:

1.realDonaldTrump
2.FLOTUS
3.Marthamaccallum
4.Trish_Regan","['realDonaldTrump', 'FoxNews', 'CNN', 'foxandfriends']",0
"Based on the table, the bottom 3 author names in terms of tweet count are:

1. Donald J. Trump (50 times)
2. Donald J. Trump (50 times)
3. Donald J. Trump (50 times)

All ",['Donald J. Trump'],1
,"[881503147168071680, 795954831718498305, 929511061954297857, 796315640307060738, 948355557022420992]",0
,"[591222909626114050, 591412084895838208, 586751374286721024, 575589231160127489]",0
"Here are the top 6 favorite counts from the table:

1. 216569
2. 156827
3. 142481
4. 142261
5. 142258 (not available, but 142261 is","[589793, 589750, 557779, 539249, 476457, 376626]",0
"The bottom 3 retweet counts are:

1. 6892
2. 7532
3. 8383","[1, 1, 2]",0
No,FALSE,1
Yes,TRUE,1
,TRUE,0
"Yes 

| weight | 
| --- | 
| 510.0 |",TRUE,1
"There are 2 unique communities: 

1. 2062260
2. 16744206
3. 2924588
4. 14034728
5. 9725885
6. 9197131
",9,0
The average page rank norm is 0.108805.,0.088480333,0
510,770.5,0
20 entities have a community identifier of 16744206.,651,0
"The most common name in the table is:

- 'Data' (appears 7 times)
- 'The' (appears 6 times)
- 'A' (appears 6 times)
- 'Nate' (appears",Christophe Viau,0
,Mike Bostock,0
,https://storage.googleapis.com/pics.contexto.io/photos/paperclips/000/016/457/thumb/Saw-whet_Owl_10_normal.jpg?1517502050,0
,The Gibson Project,0
,"['Lynn Cherny', 'Alberto Cairo', 'Sinan Aral']",0
,"['LIFE', 'New Options Project']",0
,"['Detective.io', 'The Thrust', 'Open Budgets', 'NewsFuturist']",0
,"['digital PR cat', 'Ismail Onur Filiz', 'Dave Golland']",0
"The top 5 entity IDs in terms of weight are:

1. 332, weight: 510.0
2. 251, weight: 469.0
3. 361, weight: 416.0
4.","[568, 423, 6392, 4548, 579]",0
,"[177, 240, 294, 369]",0
"Based on the provided data, the top 6 page rank norms","[1.0, 0.6029751067034804, 0.5666707687637932, 0.5202348027491394, 0.5110606617858531, 0.5081183103684572]",0
"| weight | 
| --- | 
| 3.0 | 
| 5.0 | 
| 6.0 |","[1.0, 1.0, 1.0]",0
"Yes 

1 
2 
3 
4 
8 
9 
12 
14 
16 
17 
21 
22 
25 
26 
27 
29 
31 
32 
33 
34 
36 
38 
39 
41 
",TRUE,1
Yes. There is a venomous animal at index 27.,TRUE,1
Yes.,FALSE,0
Yes.,TRUE,1
24,7,0
"To calculate the average number of legs, we need to divide the sum of legs by the total number of tables.

The sum of legs is: 4 + 4 + ... + 4 + 2 + 4 + 4 + ...",2.841584158,0
32,8,0
4,27,0
1,1,1
"There are two animals with 8 legs in the table:

* Crab (animal_name: 'crab')
* Lobster (animal_name: 'lobster')
* Spider is not in the list but 
* Octopus (animal_name: '",octopus,0
The class type of the animal with the most legs is 3.,7,0
"Here is the list of venomous animals from the table:

1. Cheetah (animal_name: 'cheetah')
2. Gnat (animal_name: 'gnat')
3. Pitviper (animal_name: 'pitv",frog,0
"Based on the table, the top 3 animal names with the most legs are:

1. Tuatara (8 legs)
2. Lobster (8 legs)
3. Starfish (8 legs)","['octopus', 'scorpion', 'crayfish']",0
"The bottom 2 animal names in terms of the number of legs are:

1. Worm
2. Wasp","['bass', 'carp']",0
"Here is the top 4 most common class types with the most animals:

| Rank | Class Type | Count |
| --- | --- | --- |
| 1 | 1 | 25 |
| 2 | 4 | 9 |
","[1, 2, 4, 7]",0
"Based on the table, here are the 3 least common class types with the least animals:

1. Class Type 6: 8 animals
2. Class Type 5: 9 animals
3. Class Type 3: 11","[5, 3, 6]",1
"Here are the top 5 class types with the most combined total legs:

| Class Type | Total Legs |
| --- | --- |
| 1 | 68 |
| 4 | 41 |
| 2 | 38 |
| ","[1, 6, 2, 7, 5]",0
"Here is the answer:

| Class Type | Legs | Total Legs |
| --- | --- | --- |
| 7 | 0 | 0 |
| 2 | 2 | 2 |
| 1 | 4 | 4","[4, 3, 5, 7]",0
"Based on the table, here are the 6 most common numbers of legs:

1. 4 (71 times)
2. 2 (23 times)
3. 6 (6 times)
4. 0 (6 times)
5.","[4, 2, 0, 6, 8, 5]",0
"| Number of Legs | Count |
| --- | --- |
| 2 | 1 |
| 8 | 1 |
| 6 | 2 |","[5, 8, 6]",0
"Yes

| Quantity | Count |
|----------|-------|
| 1        | 0     |
| 2        | 20    |
| 3        | 23    |
| 4        | 7     |
| ",FALSE,0
Yes. All the unit prices are greater than 0.,FALSE,0
"Yes

13047.0 - 24 
12583.0 - 24 
13748.0 - 1 
15100.0 - 1 
15291.0 - 2 
14688.0 - 12 
",TRUE,1
"Yes, there are transactions from the United Kingdom in the table. There are 50 entries for the United Kingdom in the 'Country' column.",TRUE,1
There are 91 unique stock codes in the table.,4070,0
The average unit price is 3.46.,4.611113626,0
Maximum quantity ordered in a single transaction is 192.,80995,0
44,495478,0
"| Country    | Count |
|------------|-------|
| United Kingdom | 75    |
| France       | 32    |
| Australia    | 2     |",United Kingdom,1
,Manual,0
,"PAPER CRAFT , LITTLE BIRDIE",0
Australia,United Kingdom,0
,"['PAPER CRAFT , LITTLE BIRDIE', 'MEDIUM CERAMIC TOP STORAGE JAR', 'ASSTD DESIGN 3D PAPER STICKERS']",0
,"['PAPER CRAFT , LITTLE BIRDIE', 'MEDIUM CERAMIC TOP STORAGE JAR']",0
"Based on the table, the 4 countries that made the most transactions are:

1. United Kingdom (37 transactions)
2. France (15 transactions)
3. Australia (2 transactions)","['United Kingdom', 'Germany', 'France', 'EIRE']",0
"Since there is only 2 countries (United Kingdom and France) in the table, it's not possible to determine the 3 countries with the least transactions.

However, I can tell you that the country with the least transactions is Australia, with only","['Saudi Arabia', 'Bahrain', 'Czech Republic']",0
"Invoice numbers of the top 5 transactions with the highest quantities ordered:
536383.0 
536383.0 
536383.0 
536382.0 
536382.0","['581483', '541431', '578841', '542504', '573008']",0
"Based on the table, the bottom 4 transactions with the lowest quantities ordered are:

InvoiceNo, Quantity
536378.0, 2
536382.0, 2
536384.0, 1
536381.0","[23843, 21366, 23005, 23005, 84347]",0
"Here are the six most commonly ordered quantities based on the table:

1. 6 (54 occurrences)
2. 24 (27 occurrences)
3. 6 (25 occurrences)
4. 12 (15 occurrences)
5. 3 (","[1, 2, 12, 6, 4, 3]",0
"Here are the 3 least commonly ordered quantities:

1. -1 (frequency: 2)
2. 1 (frequency: 12)
3. 2 (frequency: 16)","[-312, -79, 404]",0
